WBIC,lakeName,sizeAcres,maxDepth,meanDepth,lat,long,publicLanding,publicBeach,publicPark,fishPresent,lakeType,waterClarity,county,lmbPresent,wlyPresent,panPresent,smbPresent,mskPresent,OID,Org_Name,Org_Type,totalCWHperKmShoreline,SWRI_cond,SWRI_col,SWRI_ph,SWRI_p,LandScPosition_doc,EasternLakesSurvey_doc,SpC,buildingsPerKm,biocom_SpC,biocom_DOC,biocom_TP,biocom_UVabs,creelYes,creel2010Pres,creelYears,meanAngLmbCPUE,sdAngLmbCPUE,meanAngSmbCPUE,sdAngSmbCPUE,meanAngWlyCPUE,sdAngWlyCPUE,stockYes,lmbStock,wlyStock,mskStock,stockWLYyear,stockMSKyear,meanLmbCPEdnr,sdLmbCPEdnr,bassDNRYears,meanWlyCPEdnr,sdWlyCPEdnr,wlyDNRYears,lakePerimeter,sizeM2,proxSecondaryRoad,proxLocalRuralRoad,proxTrail4WD,proxPrivateServiceRoad,nearCity,nearMinocqua,nearBoulderJunction,nearEagleRiver,nearRhinelander,nearManitowishWaters,buildingCount50m,buildingCount100m,buildingCount200m,buildingDensity50m,buildingDensity100m,buildingDensity200m,landingType,rampType,adaAccess,launchLanes,launchFee,launchEndDepth,rampSlope,carStallNumber,carTrailerStallNumber,boardingDock,restroomType,comments,electricYes,carryInYes
967900,Alma Lake,58,18,11,45.9097631,-89.4282752,Yes,No,No,"Musky, Panfish, Largemouth Bass, Smallmouth Bass and Walleye",SEEPAGE,Moderate,Vilas,1,1,1,1,1,4,ALMA-MOON  P &amp; R LAKE DISTRICT,LD,NA,20,4,7.1,0,NA,NA,NA,NA,NA,NA,NA,NA,NA,NA,NA,NA,NA,NA,NA,NA,NA,1,NA,1,1,2003|2005|2009|2011|2013|2015|2017,2004|2006|2008|2010|2012|2014|2016,NA,NA,NA,NA,NA,NA,2661,233619,2002,23,12005,10,10386,20178,26276,10577,26991,33779,33,81,110,12.40116539,30.43922414,41.33721797,RAMP,Gravel,No,1,No,Lt3,14,5-Jan,5-Jan,No,None,"Signage at the launch indicates ""slow now wake at all times"". Blacktop to gravel launch.",0,0
1592700,Aurora Lake,83,4,NA,46.0198285,-89.5434376,Yes,No,Yes,"Panfish, Largemouth Bass and Northern Pike",DRAINAGE,,Vilas,1,0,1,0,0,NA,NA,NA,NA,89,1,6.8,0,NA,NA,NA,NA,NA,NA,NA,NA,NA,NA,NA,NA,NA,NA,NA,NA,NA,NA,NA,NA,NA,NA,NA,NA,NA,NA,NA,NA,NA,5836,335259,2638,599,9118,186,1806,17790,10949,21964,40677,19538,0,0,0,0,0,0,RAMP,Gravel,No,1,No,Lt3,4,1,1,No,None,"One lane entrance/exit road with a turnout, for backing in, before the launch site. Gravel to muck launch. Very shallow landing. Limited parking. No Camping.",0,0
1835200,Big Gibson Lake,121,15,NA,46.1378511,-89.5529991,Yes,No,Yes,"Musky, Panfish, Largemouth Bass and Walleye",SEEPAGE,Moderate,Vilas,1,1,1,0,1,NA,NA,NA,NA,27,4,7,0,6.78,8,NA,NA,NA,NA,NA,NA,NA,NA,NA,NA,NA,NA,NA,NA,NA,NA,NA,NA,NA,NA,NA,NA,NA,NA,NA,NA,NA,3689,488998,5797,25,9009,587,5824,29087,5824,30419,53661,14489,3,10,11,0.813153132,2.71051044,2.981561484,RAMP,Concrete Plank,No,1,No,Lt3,6,5-Jan,5-Jan,No,None,"Rough, one lane, two rut, entrance/exit road. There is a loop road at the launch site and a turnout, for backing in, prior to The launch. Blacktop to concrete planks to lake bottom launch. No camping or overnight parking.",0,0
1629500,Big Portage Lake,586,40,18,46.1256012,-89.2849227,Yes,No,No,"Panfish, Largemouth Bass, Smallmouth Bass and Walleye",SEEPAGE,Very Clear,Vilas,1,1,1,1,0,60,BIG PORTAGE LAKE RIPARIAN OWNERS ASSOCIATION,LA,25,34,4,7.6,0,NA,NA,35.765,12.819,35.765,4.05,8.25,53.73,1,0,2006,0.273022752,0.440632528,0.473725426,0.510768591,0.676716881,0.908653322,NA,NA,NA,NA,NA,NA,NA,NA,2006,30.105,5.39522474,2006|2016,10824,2372771,5317,17,11077,52,18107,39525,25594,18107,50353,34778,91,218,255,8.407514733,20.14107925,23.55951931,RAMP,Concrete,No,1,No,Gr3,9,10-Jun,10-Jun,Yes,None,"Located at the end of Boat Landing Road, off Big Portage Lake Road. Concrete to boulder launch ramp. The transition to the boarding dock is not ADA accessible (September/2012).",0,0
2311100,Birch Lake,506,45,NA,46.2176675,-89.8383824,Yes,No,No,"Musky, Panfish, Largemouth Bass, Smallmouth Bass, Northern Pike and Walleye",DRAINAGE,Moderate,Vilas,1,1,1,1,1,73,BIRCH LAKE ASSOCIATION,LA,52.5,81,1,7.4,0,NA,NA,83,16.089,83,10.9,13,282.04,1,0,1997,0.065945896,0.170909239,0.181351768,0.23791899,0.759059079,1.248019542,NA,NA,NA,NA,NA,NA,0.1,NA,1997,5.45,NA,1997,10270,2048602,9368,48,10117,20,13817,36439,16130,52463,68586,2036,89,226,272,8.665861207,22.00544531,26.48442976,RAMP,Concrete Plank,No,1,No,Gr3,8,5-Jan,5-Jan,Yes,None,"Located at the south end of the lake, off West Birch Lake Road, off Hwy W. The slope and transition to the boarding dock is not ADA accessible (August/2012).",0,0
1630100,Black Oak Lake,564,85,34,46.163005,-89.3161216,Yes,No,No,"Panfish, Largemouth Bass, Smallmouth Bass, Northern Pike, Trout and Walleye",SEEPAGE,Very Clear,Vilas,1,1,1,1,0,74,BLACK OAK LAKE RIPARIAN OWNERS,LA,15,85,4,7.5,32,NA,NA,50,17.957,50,4.245,5,63.49,1,1,2011,0.655868269,0.739845255,0.459209813,0.577863205,0.197549817,0.523064409,1,NA,1,NA,2004,NA,NA,NA,NA,6.075,5.366940469,2008|2011,12299,2281658,6956,47,10958,1081,21571,40297,22632,22920,54652,31301,137,269,311,11.13929283,21.87204213,25.28700782,RAMP,Concrete Panels,No,1,No,Gr3,9,10-Jun,10-Jun,Yes,Vault,Located off Hwy B. Concrete panels to sand launch. Adjacent picnic tables and grill. The approach to the boarding dock is not ADA accessible (September/2012),0,0
1619100,Boot Lake,286,15,9,45.968621,-89.3258653,Yes,No,No,"Musky, Panfish, Largemouth Bass, Northern Pike and Walleye",DRAINAGE,Low,Vilas,1,1,1,0,1,85,BOOT LAKE ASSOCIATION,LA,NA,55,1,8.4,0,NA,NA,NA,NA,NA,NA,NA,NA,NA,NA,NA,NA,NA,NA,NA,NA,NA,1,NA,1,1,2016|2017,2012|2014|2015|2016|2017,NA,NA,NA,9.465,7.75696139,1996|2011,5046,1156683,2450,43,14280,65,4620,28952,27185,4620,33222,36746,22,89,114,4.35966013,17.63680689,22.59096613,RAMP,Concrete,No,1,No,Gr3,8,5-Jan,5-Jan,Yes,None,"Located near the end of Boot Lake Road, off Hwy G. The transition, to the boarding dock. is not ADA accessible (July/2012).",0,0
2338300,Boulder Lake,516,23,12,46.1247282,-89.66135,Yes,No,Yes,"Musky, Panfish, Largemouth Bass, Smallmouth Bass, Northern Pike and Walleye",DRAINAGE,Low,Vilas,1,1,1,1,1,850,BOULDER LAKE ASSOCIATION,LA,NA,71,1,7.6,0,7.05,NA,NA,NA,NA,NA,NA,NA,1,0,1995|1999,0,0,0.297939247,0.454748235,0.458706741,0.820587915,NA,NA,NA,NA,NA,NA,NA,NA,1995,72.53,NA,1995,11219,2086688,473,17,4585,32,0,25225,0,35256,54390,4916,55,151,204,4.902278637,13.45898317,18.18299713,RAMP,Concrete Panels,Yes,1,No,Gr3,8,10-Jun,10-Jun,Yes,None,"The boarding dock, and route of travel to it, is ADA accessible. There is designated accessible parking.",0,0
1541300,Brandy Lake,113,44,NA,45.9068142,-89.7008403,Yes,No,Yes,"Musky, Panfish, Largemouth Bass, Northern Pike and Walleye",DRAINAGE,Moderate,Vilas,1,1,1,0,1,NA,NA,NA,12.5,87,1,6.6,0,4.34,NA,166.59,30.064,166.59,3.16,12.25,155.8645,NA,NA,NA,NA,NA,NA,NA,NA,NA,1,NA,1,1,2012,2004|2006|2008|2010|2012|2013|2014|2016,21.5,NA,2015,NA,NA,NA,3469,456377,334,64,6586,455,272,1187,21608,31498,33682,19435,60,135,192,17.29376465,38.91097047,55.34004689,RAMP,Concrete Plank,No,1,No,3,6,5-Jan,10-Jun,Yes,None,"Located off Hwy 51. No overnight camping. Follow arrows for vehicle/trailer flow. There is designated accessible parking. The route of travel to the boarding area is not ADA accessible (April 27,2016).",0,0
1839100,Camp Lake,38,31,9,45.9979203,-89.7332605,No,No,Yes,Panfish and Largemouth Bass,SEEPAGE,Moderate,Vilas,1,0,1,0,0,NA,NA,NA,85,16,4,6.2,0,NA,NA,12,0,12,6.465,4.5,52.67,NA,NA,NA,NA,NA,NA,NA,NA,NA,NA,NA,NA,NA,NA,NA,NA,NA,NA,NA,NA,NA,2925,151837,2373,275,12395,1524,8477,11951,13066,34855,44023,9366,0,0,0,0,0,0,CARRY-IN,Unimproved,No,1,No,Lt3,0,5-Jan,0,No,None,"Sand, shore launch site located along a logging road. Electric motors only on the lake.",1,0
2316600,Dead Pike Lake,309,80,26,46.1028941,-89.8989077,Yes,No,Yes,"Musky, Panfish, Largemouth Bass, Smallmouth Bass, Northern Pike and Walleye",DRAINAGE,Moderate,Vilas,1,1,1,1,1,150,"DEAD PIKE LAKE ASSOCIATION, INC",LA,NA,69,1,7.4,0,NA,NA,NA,NA,NA,NA,NA,NA,1,0,2005,0.564962387,0.387930965,0.214810904,0.386165946,0.083480642,0.153354769,1,NA,1,NA,2004|2006|2008|2010|2012|2014|2016,NA,3.3,NA,2005|2015,NA,NA,NA,6281,1248730,2454,62,770,33,10367,27281,17419,50269,59775,0,21,36,37,3.343160761,5.731132732,5.890330864,RAMP,Gravel,No,1,No,Lt3,5,5-Jan,5-Jan,No,None,"Located on the east side of the lake, off of Powell Road. Four wheel drive vehicle recommended. Steep, one lane road to the launch. Gravel to lake bottom launch. Limited parking.",0,0
1601300,Deerskin Lake,301,18,6,45.9756059,-89.1691079,Yes,No,Yes,"Musky, Panfish, Largemouth Bass, Smallmouth Bass, Northern Pike and Walleye",SPRING,Moderate,Vilas,1,1,1,1,1,158,DEERSKIN LAKE ASSOCIATION INC,LA,NA,50,4,7.4,5,NA,NA,NA,NA,NA,NA,NA,NA,NA,NA,NA,NA,NA,NA,NA,NA,NA,1,NA,1,1,2004|2006|2008|2011|2013|2015|2017,2003|2005|2007|2009|2011,NA,NA,NA,NA,NA,NA,6468,1218688,1448,38,6431,85,6090,40776,37862,6090,37006,47651,13,128,180,2.009814047,19.78893831,27.8281945,RAMP,Paved,No,1,No,Gr3,7,5-Jan,5-Jan,Yes,None,"Located at the end of Boat Landing Road, off of Deerskin Park Road. The transition, to the boarding dock, is not ADA accessible (September/2013). No power loading.",0,0
2331300,East Ellerson Lake,136,26,NA,46.0043847,-89.7553034,Yes,No,Yes,Panfish and Largemouth Bass,SEEPAGE,Moderate,Vilas,1,0,1,0,0,NA,NA,NA,NA,29,4,8.2,0,NA,NA,NA,NA,NA,NA,NA,NA,NA,NA,NA,NA,NA,NA,NA,NA,NA,NA,NA,NA,NA,NA,NA,NA,NA,NA,NA,NA,NA,4162,550849,2800,731,14029,3132,7212,12681,13321,36597,45088,7515,0,0,0,0,0,0,NA,NA,NA,NA,NA,NA,NA,NA,NA,NA,NA,NA,0,0
983600,Erickson Lake,110,18,NA,45.9473851,-89.6225404,Yes,No,Yes,"Panfish, Largemouth Bass and Walleye",DRAINAGE,Moderate,Vilas,1,1,1,0,0,NA,NA,NA,140,57,4,7.2,0,NA,NA,48,0.498,48,6.58,15,68.9,NA,NA,NA,NA,NA,NA,NA,NA,NA,1,NA,1,NA,2003|2005|2009,NA,NA,NA,NA,25.71,NA,2009,3570,444086,2572,164,2816,281,5899,7742,16814,25358,35688,19122,2,4,4,0.560264306,1.120528613,1.120528613,RAMP,Concrete Plank,No,1,No,3,9,10-Jun,5-Jan,Yes,None,"Located at the end of Erickson Lake Road, off Witches Lake Road. There is a loop road at the launch site. Blacktop to concrete planks to muck launch. The route of travel, and transition, to the boarding dock is not ADA accessible. Trim up to power load.",0,0
2762200,Forest Lake,468,60,29,46.1488999,-89.3762393,Yes,No,No,"Panfish, Largemouth Bass, Smallmouth Bass, Northern Pike and Walleye",SEEPAGE,Very Clear,Vilas,1,1,1,1,0,214,"FOREST LAKE ASSOCIATION, INC",LA,NA,69,4,8.2,0,NA,NA,NA,NA,NA,NA,NA,NA,NA,NA,NA,NA,NA,NA,NA,NA,NA,NA,NA,NA,NA,NA,NA,3,NA,2006,25.43,NA,2006,11811,1892504,10262,2,7534,38,18198,36734,18853,22657,52679,27646,75,189,203,6.349998899,16.00199723,17.18733035,RAMP,Gravel,No,1,No,Gr3,7,10-Jun,10-Jun,No,Vault,Located off North Forest Lake Road. Stone to sand launch.,0,0
1593800,Found Lake,336,21,11,45.9505119,-89.4531966,Yes,No,Yes,"Musky, Panfish, Largemouth Bass, Northern Pike and Walleye",DRAINAGE,Moderate,Vilas,1,1,1,0,1,216,FOUND LAKE PROPERTY OWNERS ASSOCIATION,LA,92.5,49,4,7.8,0,NA,4.3,50,16.635,50,6.21,14.5,202.92,NA,NA,NA,NA,NA,NA,NA,NA,NA,1,NA,1,1,2004|2006|2008|2010|2012|2013|2015|2017,2006|2008|2010|2012|2014|2016,10.3,11.17228714,2009|2011,14.57,2.695718828,2005|2009|2011,6362,1361192,1814,20,9777,15,5577,18584,21230,12091,31482,29311,69,155,209,10.84559523,24.36329363,32.85115077,RAMP,Concrete Panels,Yes,1,No,Gr3,7,5-Jan,10-Jun,Yes,None,"Blacktop to concrete panels launch. There is designated accessible parking. The boarding dock, and the route of travel to it, is ADA accessible (April/2016).",0,0
985900,Frank Lake,147,38,NA,46.0336751,-89.5538542,Yes,No,Yes,"Panfish, Largemouth Bass, Northern Pike and Walleye",SEEPAGE,Moderate,Vilas,1,1,1,0,0,NA,NA,NA,NA,29,4,7.1,0,NA,NA,NA,NA,NA,NA,NA,NA,NA,NA,NA,NA,NA,NA,NA,NA,NA,NA,NA,NA,NA,NA,NA,NA,NA,NA,NA,NA,NA,4956,592967,3566,31,8673,914,3421,18471,9251,23465,42470,17979,0,0,0,0,0,0,CARRY-IN,Unimproved,No,0,No,Lt3,0,5-Jan,0,No,None,"One lane entrance/exit road. Large boulders prohibit vehicle access to the lake, which results in a carry-in of approximately 100 yards. No motors nor camping.",0,1
2958500,Harris Lake,534,57,24,46.2606938,-89.8341121,Yes,No,No,"Musky, Panfish, Largemouth Bass, Smallmouth Bass, Northern Pike and Walleye",,Very Clear,Vilas,1,1,1,1,1,261,HARRIS LAKE ASSOCIATION,LA,NA,86,4,7.7,0,NA,NA,NA,NA,NA,NA,NA,NA,1,0,1997,NA,NA,0.270558781,0.319529539,0.201191029,0.423606115,NA,NA,NA,NA,NA,NA,NA,NA,NA,30,NA,1997,9217,2160769,14034,9,12981,32,16033,41566,19424,55307,73491,6482,32,114,140,3.471748379,12.3681036,15.18889916,RAMP,Concrete Plank,No,1,No,Gr3,10,5-Jan,5-Jan,Yes,None,Located off Harris Lake Road. Roadside parking. The transition to the boarding dock is not ADA accessible (September/2012).,0,0
2953100,Horsehead Lake,250,24,13,46.2332871,-89.7153674,Yes,No,No,"Musky, Panfish, Largemouth Bass, Smallmouth Bass, Northern Pike and Walleye",DRAINAGE,Moderate,Vilas,1,1,1,1,1,276,HORSEHEAD LAKE ASSOCIATION,LA,NA,55,4,7.2,0,NA,4.9,NA,NA,NA,NA,NA,NA,NA,NA,NA,NA,NA,NA,NA,NA,NA,NA,NA,NA,NA,NA,NA,NA,NA,NA,NA,NA,NA,7668,1011775,12946,26,6527,20,12165,37342,12165,46371,67216,7086,45,82,102,5.868263431,10.69328003,13.30139711,RAMP,Concrete,No,1,No,Gr3,8,5-Jan,10-Jun,Yes,None,"The route of travel, and transition, to the boarding dock is not ADA accessible (April/2015). There is designated accessible parking near the launch. Water ski hours 10:00 am - 7:00 pm. Personal water craft hours are 11:00 am - 4:00 pm.",0,0
991700,Hunter Lake,175,40,17,46.003537,-89.3220986,Yes,No,No,"Panfish, Largemouth Bass, Smallmouth Bass and Walleye",SEEPAGE,Very Clear,Vilas,1,1,1,1,0,281,HUNTER LAKE ASSOCIATION,LA,NA,25,4,6.8,0,NA,NA,NA,NA,NA,NA,NA,NA,NA,NA,NA,NA,NA,NA,NA,NA,NA,1,NA,1,NA,2004|2006|2008|2010|2012|2015|2016,NA,0.2,NA,2005,12.26,NA,2005,4958,707797,3554,107,11620,74,7041,30785,25885,7041,36812,35691,23,66,81,4.638842256,13.31146039,16.33679229,RAMP,Gravel,No,1,No,Lt3,4,10-Jun,5-Jan,No,Vault,"Shallow, sand launch with a narrow, backing corridor (July/2012). Adjacent picnic and swimming area.",0,0
2764400,Indian Lake,80,39,NA,46.1183431,-89.4072909,Yes,No,No,"Musky, Panfish, Largemouth Bass and Smallmouth Bass",SEEPAGE,Moderate,Vilas,1,0,1,1,1,286,INDIAN LAKE ASSOCIATION,LA,365,29,4,6.8,0,NA,NA,15.975,0.351,15.975,6.6625,11.5,78.2535,NA,NA,NA,NA,NA,NA,NA,NA,NA,NA,NA,NA,NA,NA,NA,NA,NA,NA,NA,NA,NA,8019,325286,7513,72,3509,2512,14167,32746,16828,21527,49654,26087,3,9,15,0.374107013,1.122321039,1.870535064,CARRY-IN,Gravel,No,0,No,Lt3,0,5-Jan,0,No,None,"Located off Indian Lake Road, on the northeast part of the lake.",0,1
2340900,Irving Lake,419,8,NA,46.0613163,-89.4736738,Yes,No,Yes,"Musky, Panfish, Largemouth Bass and Walleye",DRAINAGE,Low,Vilas,1,1,1,0,1,24,"BALLARD, IRVING, WHITE BIRCH LAKES ASSOCIATION",LA,NA,59,4,9.1,0,NA,NA,NA,NA,NA,NA,NA,NA,1,1,2001|2011,0.849889946,1.186483973,0.519976359,0.655304597,0.733883323,0.928096536,1,NA,1,1,2009|2011|2013,2013|2014|2015|2016|2017,NA,NA,NA,NA,NA,NA,6622,1694270,638,14,1877,1214,6305,24631,12339,19818,43736,22130,0,4,9,0,0.604044662,1.35910049,RAMP,Concrete Plank,No,1,No,Lt3,7,15-Nov,15-Nov,Yes,None,Shared parking between Irving and Ballard Lakes on the east side of camp No. 2 Road. The transition to the boarding dock is not ADA accessible (May/2013). No camping.,0,0
1831700,Lake Adelaide,57,69,NA,46.2474156,-89.8996716,Yes,No,Yes,"Musky, Panfish, Largemouth Bass, Smallmouth Bass, Northern Pike and Walleye",DRAINAGE,Moderate,Vilas,1,1,1,1,1,NA,NA,NA,NA,25,4,7.5,0,NA,NA,NA,NA,NA,NA,NA,NA,NA,NA,NA,NA,NA,NA,NA,NA,NA,NA,NA,NA,NA,NA,NA,NA,NA,NA,NA,NA,NA,3056,231605,11603,31,13591,1193,11483,42229,22656,58988,74603,5474,18,48,67,5.890304691,15.70747918,21.92502302,NA,NA,NA,NA,NA,NA,NA,NA,NA,NA,NA,NA,0,0
1620500,Lake of the Hills,61,10,NA,45.9839078,-89.2447399,Yes,No,No,"Panfish, Largemouth Bass and Northern Pike",DRAINAGE,Low,Vilas,1,0,1,0,0,358,LAKE OF THE HILLS ASSOCIATION,LA,NA,72,4,8.2,0,NA,NA,NA,NA,NA,NA,NA,NA,NA,NA,NA,NA,NA,NA,NA,NA,NA,NA,NA,NA,NA,NA,NA,NA,NA,NA,NA,NA,NA,2349,245665,182,69,11860,143,3219,35675,32452,3219,36377,42254,3,38,71,1.277062173,16.17612086,30.22380476,RAMP,Paved,No,1,No,Gr3,9,5-Jan,5-Jan,Yes,None,"Located off of Lake Hills Landing Road, off of Hwy 45. The transition, to the boarding dock, is not ADA accessible (September/2013). Paved to muck launch.",0,0
1545300,Little Arbor Vitae Lake,480,32,11,45.9122467,-89.6226075,Yes,No,Yes,"Musky, Panfish, Largemouth Bass and Walleye",DRAINAGE,Low,Vilas,1,1,1,0,1,439,LITTLE ARBOR VITAE P &amp; R DISTRICT,LD,237.5,120,4,7.8,5,NA,NA,112.5,7.238,112.5,4.445,18.5,132.7,1,0,1996|2007,0.382889708,0.527782392,0.506808908,0.606591387,0.694040913,1.187100851,1,NA,1,1,2012|2014|2016,2003|2005|2007|2009|2011|2013|2015|2017,1.266666667,0.404145188,1996|2007,59.965,49.94295196,1996|2007,7895,1942088,53,5,39,19,2511,4754,20171,25023,31403,21636,24,77,122,3.039875871,9.752935086,15.45270234,RAMP,Concrete Plank,No,1,No,3,8,15-Nov,10-Jun,Yes,None,"There are separate launch and parking areas. Blacktop to concrete planks to rubble launch. The slope, and the route of travel to the boarding dock, is not ADA accessible (April/2016). No power loading. No camping or overnight parking.",0,0
2324000,Little Crawling Stone Lake,113,44,18,45.9283218,-89.8980894,Yes,No,Yes,"Musky, Panfish, Largemouth Bass, Smallmouth Bass, Northern Pike and Walleye",DRAINAGE,Very Clear,Vilas,1,1,1,1,1,855,CRAWLING STONE LAKES ASSOCIATION,LA,2.5,53,4,7.5,0,NA,NA,NA,27.159,74,4.43,12.5,110.31,NA,NA,NA,NA,NA,NA,NA,NA,NA,NA,NA,NA,NA,NA,NA,NA,NA,NA,NA,NA,NA,4179,458505,219,14,8472,741,1655,14397,26957,46569,44440,15096,80,152,212,19.14243133,36.37061952,50.72744301,RAMP,Concrete Plank,No,1,No,Gr3,9,5-Jan,5-Jan,No,None,Gravel to concrete planks to lake bottom launch.,0,0
2335500,Little Crooked Lake,154,30,NA,46.1508532,-89.6951094,Yes,No,Yes,"Musky, Panfish, Largemouth Bass, Northern Pike and Walleye",DRAINAGE,Moderate,Vilas,1,1,1,0,1,444,LITTLE CROOKED LAKE ASSOCIATION INC,LA,80,108,4,8.6,0,4.51,NA,117.005,5.466,117.005,4.0675,18.75,159.035,NA,NA,NA,NA,NA,NA,NA,NA,NA,NA,NA,NA,NA,NA,NA,NA,NA,NA,NA,NA,NA,4694,621910,3741,30,1393,585,3574,28160,3574,39872,58382,3651,18,49,62,3.834830597,10.43926107,13.20886094,RAMP,Concrete Plank,No,1,No,Gr3,14,5-Jan,5-Jan,Yes,None,"There is a turnout/turnaround, prior to the launch, for backing in. Blacktop to concrete planks to lake bottom launch. The route of travel, and transition, to the boarding dock is not ADA accessible. Limited parking for two to three trailers. No overnigh",0,0
2953000,Little Horsehead Lake,56,19,NA,46.2443346,-89.7211904,Yes,No,No,"Musky, Panfish, Largemouth Bass, Smallmouth Bass, Northern Pike and Walleye",DRAINAGE,,Vilas,1,1,1,1,1,NA,NA,NA,NA,81,4,7.7,0,NA,NA,NA,NA,NA,NA,NA,NA,NA,NA,NA,NA,NA,NA,NA,NA,NA,NA,NA,NA,NA,NA,NA,NA,NA,NA,NA,NA,NA,3277,228109,14681,6,8154,678,13987,38994,13987,48167,69058,7600,9,37,68,2.746735309,11.29213405,20.75311122,RAMP,Gravel,No,1,No,Gr3,9,5-Jan,5-Jan,Yes,None,Located off County Hwy B. Blacktop approach with a gravel launch. The approach and transition to the boarding dock is not ADA accessible (September/2012).,0,0
2338900,Little Rice Lake,50,7,NA,46.1139694,-89.6350971,Yes,No,Yes,"Musky, Panfish, Largemouth Bass, Smallmouth Bass, Northern Pike and Walleye",SPRING,,Vilas,1,1,1,1,1,NA,NA,NA,NA,53,1,7,0,NA,NA,NA,NA,NA,NA,NA,NA,NA,NA,NA,NA,NA,NA,NA,NA,NA,NA,NA,NA,NA,NA,NA,NA,NA,NA,NA,NA,NA,2069,204122,226,86,7717,86,0,24920,0,33776,53251,8894,0,1,15,0,0.483438023,7.251570348,CARRY-IN,Unimproved,No,0,No,Lt3,17,5-Jan,0,No,None,Roadside parking.,0,1
2339800,Lost Canoe Lake,279,41,NA,46.0757362,-89.5950397,Yes,No,Yes,"Musky, Panfish, Largemouth Bass, Smallmouth Bass, Northern Pike and Walleye",SEEPAGE,Very Clear,Vilas,1,1,1,1,1,NA,NA,NA,NA,51,4,8.3,0,NA,NA,NA,NA,NA,NA,NA,NA,1,0,1995,0.083356681,0.145705376,0.244818099,0.194586673,0.532600869,0.662683369,NA,NA,NA,NA,NA,NA,NA,NA,2005,42.38,NA,2005,9993,1130856,44,1146,10035,40,3077,21206,3077,28078,47833,12481,5,20,21,0.500334497,2.001337989,2.101404889,CARRY-IN,Unimproved,No,1,No,Lt3,0,5-Jan,0,No,None,"Pathway with steps, and a canoe slide side, leads to the lake. There is parking along the south side of Hwy K. No camping at the site.",0,1
1593400,Lost Lake,539,20,NA,45.9655406,-89.4831158,Yes,No,No,"Musky, Panfish, Largemouth Bass, Northern Pike and Walleye",DRAINAGE,Low,Vilas,1,1,1,0,1,477,LOST LAKE COMMUNITY CLUB INC.,LA,2.5,58,4,8.3,0,NA,NA,75,26.166,75,4.02,14,196.55,NA,NA,NA,NA,NA,NA,NA,NA,NA,1,NA,1,1,2004|2006|2008|2010|2011|2012|2013|2015|2017,2003|2005|2007|2009|2011|2013|2014|2016,NA,NA,NA,7.41,NA,2011,7537,2179519,62,38,7958,57,2494,16778,18386,14618,33351,26214,121,285,345,16.05374582,37.8125418,45.77307692,RAMP,Concrete Plank,No,1,No,3ft.,5,5-Jan,5-Jan,Yes,None,"Loop entrance/exit road off of Lost Colony Road. Blacktop to a double row of concrete planks launch with more planks to the left. The route of travel, to the boarding dock, is not ADA accessible (April/2016). Trim up to power load. No overnight camping.",0,0
1596600,Muskellunge Lake,270,19,9,45.9518021,-89.3798865,Yes,No,No,"Musky, Panfish, Largemouth Bass, Northern Pike and Walleye",DRAINAGE,Low,Vilas,1,1,1,0,1,525,MUSKELLUNGE LAKE ASSOCIATION,LA,35,65,4,8.8,0,NA,4.8,NA,18.957,80,6.655,40.5,196.09,NA,NA,NA,NA,NA,NA,NA,NA,NA,1,NA,1,1,2004|2006|2008|2010|2012|2014,2013|2014|2016,NA,NA,NA,NA,NA,NA,5937,1092139,724,58,14236,31,7038,24246,25139,7038,31081,34017,59,180,232,9.938484325,30.32079963,39.08014175,RAMP,Paved,Yes,1,No,Gr3,9,5-Jan,5-Jan,Yes,None,"Located at the end of Boat Landing Road, off Balsam Lane, off Hwy G. Users cannot access this launch by Timbering Haven Drive.  Designated accessible parking. Boarding dock, and route of travel to it, is ADA accessible (July/2012). Slow no wake 6:00 pm -",0,0
2954800,Oxbow Lake,523,44,15,46.2438989,-89.6791928,Yes,No,Yes,"Musky, Panfish, Largemouth Bass, Smallmouth Bass, Northern Pike and Walleye",DRAINAGE,Moderate,Vilas,1,1,1,1,1,822,OXBOW LAKE ASSOCIATION,LA,120,43,1,6.6,0,NA,NA,35,7.731,35,11.12,10,272.4,1,0,2008,0.772934566,2.266554216,0.573453438,0.808847958,0.805029421,1.192677956,NA,NA,NA,NA,NA,NA,0.8,NA,2008,19.02,1.923330445,2008,23181,2117170,12760,0,6840,3,11757,37351,11757,44858,66652,9181,156,299,330,6.729523115,12.89825264,14.23552967,RAMP,Concrete,No,1,No,Gr3,7,5-Jan,10-Jun,Yes,None,"All car-trailer parking. While the boarding dock is designed accessible, the slope to it exceeds the maximum allowable for ADA accessibility purposes.",0,0
2328700,Papoose Lake,422,65,NA,46.1847552,-89.8026602,Yes,No,Yes,"Musky, Panfish, Largemouth Bass, Smallmouth Bass, Northern Pike and Walleye",SPRING,Very Clear,Vilas,1,1,1,1,1,548,PAPOOSE/ROSELIND LAKE ASSOCIATION,LA,145,102,4,8,0,NA,NA,110,13.487,110,6.485,6,169.3,1,1,1997|2012,0.049019608,0.138648388,0.263053313,0.43844174,0.492767606,1.088263058,1,NA,1,1,2003|2005|2009|2011|2013,2004|2006|2008|2010|2012|2014|2016,0.15,0.070710678,1997|2004|2012,19.25,6.390375576,1997|2004|2012,13273,1709402,7008,48,6341,4,11921,32705,11921,48220,64674,0,100,257,302,7.534297065,19.36314346,22.75357714,RAMP,Concrete Plank,No,1,No,Gr3,13,5-Jan,5-Jan,Yes,None,The transition to the boarding dock is not ADA accessible (September/2012).,0,0
1619700,Pickerel Lake,270,26,12,45.9744514,-89.3949491,Yes,No,No,"Musky, Panfish, Largemouth Bass, Northern Pike and Walleye",DRAINAGE,Low,Vilas,1,1,1,0,1,856,PICKEREL LAKE PRESERVATION ASSOCIATION,LA,NA,69,4,8.8,0,NA,NA,NA,NA,NA,NA,NA,NA,NA,NA,NA,NA,NA,NA,NA,NA,NA,1,NA,1,1,2009|2013|2015|2017,2004|2006|2008|2010|2012|2014|2016,4.75,0.919238816,2005|2010,11.745,7.049854608,2005|2010,6205,1093984,201,72,11580,1383,8069,23840,22513,9167,33675,31750,47,133,173,7.574440664,21.4340555,27.88038798,NA,NA,NA,NA,NA,NA,NA,NA,NA,NA,NA,NA,0,0
1013600,Rade Lake,39,15,NA,45.9740006,-89.2031955,Yes,No,No,Panfish and Largemouth Bass,SEEPAGE,Moderate,Vilas,1,0,1,0,0,NA,NA,NA,NA,83,4,6.5,0,NA,NA,NA,NA,NA,NA,NA,NA,NA,NA,NA,NA,NA,NA,NA,NA,NA,1,1,NA,NA,NA,NA,NA,NA,NA,NA,NA,NA,1949,156296,39,227,9389,690,4004,38598,36034,4004,36308,45835,1,16,21,0.513042816,8.208685059,10.77389914,CARRY-IN,Unimproved,No,0,No,Lt3,0,5-Jan,0,No,None,"Located at the south end of the lake, just off of Hwy 17. Sand launch.",0,1
1013800,Razorback Lake,381,35,15,46.0193196,-89.5199316,Yes,No,Yes,"Musky, Panfish, Largemouth Bass, Smallmouth Bass, Northern Pike and Walleye",SEEPAGE,Very Clear,Vilas,1,1,1,1,1,NA,NA,NA,NA,57,4,7.3,0,NA,NA,NA,NA,NA,NA,NA,NA,NA,NA,NA,NA,NA,NA,NA,NA,NA,1,NA,1,NA,2004|2006|2008,NA,NA,NA,NA,NA,NA,NA,9667,1543634,2425,13,7764,117,889,18757,11751,19878,39669,20643,39,64,85,4.034479474,6.620684265,8.79309629,RAMP,Concrete Plank,No,1,No,Lt3,8,10-Jun,10-Jun,Yes,None,"One lane entrance/exit roads off of Razorback Road. Potable water and vault toilets in nearby family campground. Blacktop to concrete planks to sand launch. The route of travel, and transition, to the boarding dock is not ADA accessible (April 27, 2016).",0,0
1018300,Smoky Lake,212,39,NA,46.0863795,-88.9480826,Yes,No,No,"Panfish, Largemouth Bass, Smallmouth Bass and Trout",SEEPAGE,Very Clear,Vilas,1,0,1,1,0,663,SMOKY LAKE PROPERTY OWNERS ASSOCIATION,LA,NA,31,4,7,0,NA,NA,NA,NA,NA,NA,NA,NA,NA,NA,NA,NA,NA,NA,NA,NA,NA,NA,NA,NA,NA,NA,NA,NA,NA,2015,NA,NA,NA,11691,2477822,46,51,11873,674,26786,60589,52120,26786,56249,61472,15,23,28,1.283056243,1.967352906,2.395038321,RAMP,Concrete,No,1,No,Gr3,11,5-Jan,5-Jan,Yes,Vault,"Located just off Hwy 17, across from the golf course. Blacktop to concrete to sand launch. The transition to the boarding dock is not ADA accessible (September/2012).",0,0
1018500,Snipe Lake,216,15,10,45.9396032,-89.3653929,Yes,No,No,"Musky, Panfish, Largemouth Bass and Walleye",SEEPAGE,Moderate,Vilas,1,1,1,0,1,664,SNIPE LAKE ASSOCIATION,LA,NA,25,4,7.2,0,NA,NA,NA,NA,NA,NA,NA,NA,1,1,1995|2000|2003|2006|2009|2012|2015,0.134544279,0.431482706,0.487215398,0.511497345,1.163953896,2.132086647,NA,NA,NA,NA,NA,NA,NA,NA,2003|2006,40.182,21.95243882,2003|2006|2009|2012|2015,5826,872113,241,442,16249,37,5037,24811,26849,5037,29936,35587,29,100,129,4.977432247,17.16355947,22.14099172,RAMP,Concrete Panels,No,1,No,Gr3,11,5-Jan,5-Jan,Yes,None,"Located off Wilderness Trail. The transition, to the boarding dock, is not ADA accessible (September/2012). Picnic area available.",0,0
1594000,Stella Lake,95,9,NA,45.9774742,-89.4599124,Yes,No,No,"Panfish, Largemouth Bass and Northern Pike",DRAINAGE,Low,Vilas,1,0,1,0,0,406,STELLA LAKE P &amp; R DISTRICT,LD,NA,73,1,8.2,0,NA,NA,NA,NA,NA,NA,NA,NA,NA,NA,NA,NA,NA,NA,NA,NA,NA,NA,NA,NA,NA,NA,NA,NA,NA,NA,NA,NA,NA,2741,383175,138,32,10926,2313,3844,19758,18986,14146,34805,27572,5,18,27,1.824484382,6.568143776,9.852215664,RAMP,Gravel,No,1,No,Lt3,8,5-Jan,5-Jan,No,None,"One lane entrance/exit road off of Four Corners Lane. There is a turnout, for backing in, at the launch site. Rough, uneven approach and launch (April 28, 2016). Limited parking.",0,0
1020300,Stormy Lake,523,63,33,46.0552793,-89.3217657,Yes,No,Yes,"Panfish, Largemouth Bass, Smallmouth Bass, Northern Pike and Trout",SEEPAGE,Very Clear,Vilas,1,0,1,1,0,409,STORMY LAKE ASSOCIATION,LA,0,37,4,7.7,0,NA,NA,37,24.966,37,4.095,0,23.05,NA,NA,NA,NA,NA,NA,NA,NA,NA,1,NA,NA,NA,NA,NA,0.5,NA,2003,0.2,NA,2003,7595,2116164,274,9,8221,33,11632,32876,23752,11632,42440,33396,70,244,308,9.216712468,32.12682632,40.55353486,RAMP,Concrete Plank,No,1,No,Gr3,8,5-Jan,5-Jan,No,None,"Located off Stormy Point Road, off West Stormy Lake Road. Short turn-around at launch. Rough launch (Sept. 2012).",0,0
1022900,Towanda Lake,139,27,10,45.9385442,-89.7077093,Yes,No,No,"Musky, Panfish, Largemouth Bass, Northern Pike and Walleye",SEEPAGE,Moderate,Vilas,1,1,1,0,1,874,TOWANDA LAKESHORE PROPERTY OWNERS ASSOCIATION,LA,154.2857143,35,4,7,0,NA,4.1,30.65,18.911,30.65,5.2925,10.75,115.498,NA,NA,NA,NA,NA,NA,NA,NA,NA,1,NA,1,NA,2005|2011|2013|2015|2017,NA,2.5,NA,2006,22.98,NA,2006,6119,563083,398,35,7104,156,3368,4240,18137,31950,36388,15644,42,160,224,6.86374496,26.14759985,36.60663979,RAMP,Paved,No,1,No,Gr3,11,5-Jan,5-Jan,No,None,"No turnaround at the launch. Users would need to back 315', from Nordie Bay Lane, to the launch site. Paved ramp followed by sand launch. Parking along ramp access.",0,0
1621800,Upper Buckatabon Lake,493,47,20,46.0163172,-89.3476356,Yes,No,No,"Musky, Panfish, Largemouth Bass, Smallmouth Bass, Northern Pike and Walleye",DRAINAGE,Moderate,Vilas,1,1,1,1,1,NA,NA,NA,60,69,4,8.4,0,NA,NA,74,12.598,74,4.29,31,204.5,1,1,2010,1.002229786,1.204301111,0.374539093,0.867883105,0.084867012,0.145901121,1,NA,1,1,2004|2006|2008|2010,2003|2005|2007|2011|2015|2017,NA,NA,NA,3.55,NA,2010,8418,1995116,1588,40,9144,14,9479,29063,23267,9479,37813,33071,71,183,234,8.433963065,21.73824283,27.79644165,RAMP,Paved,Yes,1,No,Gr3,7,10-Jun,10-Jun,Yes,None,"There is designated, accessible parking. The boarding dock, and route of travel to it, is ADA accessible (July/2012).",0,0
2330800,Upper Gresham Lake,362,32,13,46.0678261,-89.7370588,Yes,No,Yes,"Musky, Panfish, Largemouth Bass, Northern Pike and Walleye",DRAINAGE,Moderate,Vilas,1,1,1,0,1,249,GRESHAM LAKES ASSOCIATION,LA,NA,87,4,8.6,0,NA,NA,NA,NA,NA,NA,NA,NA,NA,NA,NA,NA,NA,NA,NA,NA,NA,1,NA,1,1,2004|2006|2008|2010|2012|2014|2016,2003|2005|2007|2009|2011|2013|2015|2016|2017,13.6,1.13137085,2002|2015,15.33,NA,2002,9480,1465496,117,32,9932,36,6776,19240,6776,37241,50951,4130,59,131,166,6.223571533,13.81843849,17.5103877,RAMP,Concrete Plank,No,1,No,Gr3,9,10-Jun,5-Jan,Yes,None,"Vault toilets are located in the connected, family campground. Concrete planks to lake bottom launch. The slope to the boarding dock exceeds the maximum allowable for ADA accessibility purposes.",0,0
2956800,Van Vliet Lake,230,20,NA,46.1930814,-89.7575267,Yes,No,Yes,"Musky, Panfish, Largemouth Bass, Northern Pike and Walleye",SPRING,Low,Vilas,1,1,1,0,1,693,VAN VLIET LAKE ASSOCIATION,LA,NA,130,4,9,0,NA,NA,NA,NA,NA,NA,NA,NA,1,1,2012,0.35103483,0.576493967,0.307134084,0.214491856,0.145274381,0.417087049,1,NA,NA,1,NA,2003|2005|2007|2009|2011|2013|2015|2017,8.9,NA,2012,14.67,NA,2012,8522,930841,9337,50,3655,125,9955,33024,9955,46198,64366,1796,77,140,157,9.035029265,16.42732594,18.42207266,RAMP,Concrete,Yes,1,No,Gr3,11,5-Jan,5-Jan,Yes,None,Located off Crab Lake Road. No camping allowed. Designated accessible parking. Route of travel to the accessible boarding dock is accessible and has a handrail.,0,0
1540300,Verna Lake,73,23,NA,45.9603534,-89.720651,Yes,No,Yes,"Musky, Panfish, Largemouth Bass and Northern Pike",DRAINAGE,,Vilas,1,0,1,0,1,NA,NA,NA,NA,57,1,7.6,0,NA,NA,NA,NA,NA,NA,NA,NA,NA,NA,NA,NA,NA,NA,NA,NA,NA,1,NA,NA,1,NA,2003|2005,NA,NA,NA,NA,NA,NA,2690,294746,1441,340,9269,157,6540,7508,16336,33360,39739,13418,2,21,39,0.743567838,7.807462299,14.49957284,RAMP,Unimproved,No,1,No,Lt3,6,5-Jan,5-Jan,No,None,"No camping allowed. One lane entrance/exit road with a turnout, for backing in, just prior to the launch site. Limited parking.",0,0
2340500,White Birch Lake,113,27,NA,46.06343,-89.5228689,Yes,No,Yes,"Musky, Panfish, Largemouth Bass, Smallmouth Bass and Walleye",DRAINAGE,Moderate,Vilas,1,1,1,1,1,24,"BALLARD, IRVING, WHITE BIRCH LAKES ASSOCIATION",LA,NA,63,4,8.4,0,6.085,4.1,NA,NA,NA,NA,NA,NA,1,1,2001|2011,0.511517151,0.65836799,0.299534884,0.028942045,0.071601282,0.12582459,1,NA,1,1,2003|2007|2009|2011|2013,2013|2014|2015|2016|2017,NA,NA,NA,14.76,NA,2011,3944,456967,263,73,5456,1465,6437,22657,9246,23328,45128,19051,8,22,27,2.028231441,5.577636462,6.845281113,CARRY-IN,Unimproved,No,1,No,Lt3,0,5-Jan,0,No,None,Very steep (27% to 37%) access from the parking area off of Hwy K. Parking for two vehicles.,0,1
2336800,Wildcat Lake,293,38,12,46.1729139,-89.6169457,Yes,No,Yes,"Musky, Panfish, Largemouth Bass, Smallmouth Bass and Walleye",DRAINAGE,Moderate,Vilas,1,1,1,1,1,866,WILDCAT LAKE ASSOCIATION,LA,NA,130,4,7.2,0,5.08,NA,NA,NA,NA,NA,NA,NA,NA,NA,NA,NA,NA,NA,NA,NA,NA,1,NA,1,NA,2004|2006|2008|2010|2012|2014|2016,NA,3.8,NA,2016,49.81,NA,2016,8050,1186024,6219,53,6540,35,5104,31042,5104,36427,58412,10056,7,53,63,0.86955617,6.583782429,7.826005528,RAMP,Concrete Plank,No,1,No,Gr3,5,10-Jun,10-Jun,Yes,None,No overnight camping or parking. Concrete planks to lake bottom launch. The transition to the boarding dock is not ADA accessible (April/2015).,0,0